Week,Phase,Primary Layer Focus,INPACTâ„¢ Status,GOALS Progress,Top Risk,Status,Key Deliverable,Notes
1,Foundation,"Layer 6 (Observability)","T: 30% â†’ 40%, A: 25% â†’ 35%","Observability: 20% â†’ 35%, Soundness: 55% â†’ 58%",Data quality baseline unknown,ðŸŸ¢ On Track,Current-state assessment complete,"âœ… All 7 layers assessed, stakeholder sign-off obtained, budget secured $685K"
2,Foundation,"Layer 6 (Observability)","T: 40% â†’ 50%, A: 35% â†’ 42%","Observability: 35% â†’ 45%, Soundness: 58% â†’ 60%",Dashboard adoption low,ðŸŸ¢ On Track,Observability dashboard operational,"âœ… Grafana deployed, 12 metrics tracked, 5 alerts configured, <1hr response SLA"
3,Foundation,"Layer 2 (Real-Time Fabric)","I: 9-13s â†’ 8-10s, C: 2 â†’ 3 systems","Accessibility: 35% â†’ 42%, Soundness: 60% â†’ 62%",CDC complexity for legacy EHR,ðŸŸ¡ At Risk,CDC operational for 3 critical tables,"âš ï¸ EHR CDC took 2 extra days, implemented for appointments + demographics + insurance tables"
4,Foundation,"Layer 3 (Semantic Layer)","N: 40-60% â†’ 45-55%, C: 3 â†’ 4 systems","Language: 30% â†’ 36%, Accessibility: 42% â†’ 47%",Business glossary incomplete,ðŸŸ¢ On Track,Business glossary with 50 core concepts,"âœ… Domain experts validated 50 terms, entity resolution 82% accurate, dbt metrics layer deployed"
5,Infrastructure,"Layer 1 (Multi-Modal Storage)","C: 4 â†’ 5 systems","Accessibility: 47% â†’ 52%, Soundness: 62% â†’ 65%",Vector DB performance tuning,ðŸŸ¢ On Track,Vector DB with 100K patient summaries,"âœ… Pinecone deployed, <50ms p95 latency, 10K embeddings/sec throughput, HIPAA-compliant encryption"
6,Infrastructure,"Layer 4 (Intelligence Orchestration)","I: 8-10s â†’ 5-7s, N: 55% â†’ 65%, C: 5 â†’ 6 systems","Language: 36% â†’ 48%, Accessibility: 52% â†’ 62%",RAG accuracy below target,ðŸŸ¡ At Risk,RAG pipeline with 3-stage retrieval,"âš ï¸ Initial accuracy 72%, added reranking to reach 82%, still below 85% target, tuning Week 7"
7,Infrastructure,"Layer 4 (Intelligence Orchestration)","I: 5-7s â†’ 3-5s, N: 65% â†’ 72%, C: 6 â†’ 7 systems","Language: 48% â†’ 55%, Accessibility: 62% â†’ 68%",Agent accuracy not improving,ðŸŸ¢ On Track,Agent accuracy 85% on test set,"âœ… Reranking + semantic caching improved accuracy from 82% â†’ 85%, hybrid search +18% precision"
8,Infrastructure,"Layer 5 (Agent-Aware Governance)","P: ABAC designed â†’ testing","Governance: 48% â†’ 60%, Soundness: 65% â†’ 70%",ABAC policy complexity,ðŸŸ¢ On Track,ABAC operational with <10ms evaluation,"âœ… OPA deployed, 15 policies operational, patient/provider/admin roles, <8ms p95 latency, audit logging enabled"
9,Operationalization,"Layer 5 (HITL + Governance)","P: ABAC + HITL operational","Governance: 60% â†’ 75%, Observability: 45% â†’ 70%",Human review queue overwhelming,ðŸŸ¡ At Risk,HITL with confidence-based escalation,"âš ï¸ 22% escalation rate Week 9 (target <15%), adjusted confidence threshold 75% â†’ 80%, improved to 18% by end of week"
10,Operationalization,"Layer 6 (Observability + Feedback)","T: 50% â†’ 75%, A: Dashboard â†’ Learning loop","Observability: 70% â†’ 85%, Governance: 75% â†’ 85%",Feedback loop not improving agent,ðŸŸ¢ On Track,Feedback loop with weekly retraining,"âœ… Captured 127 human corrections, retrained model, override rate decreased 18% â†’ 12%, accuracy improved 85% â†’ 87%"
11,Operationalization,"Layer 7 (Multi-Agent + Self-Service)","All 6 INPACTâ„¢ needs â†’ targets","Governance: 85% â†’ 90%, Language: 55% â†’ 75%",Multi-agent coordination failures,ðŸŸ¢ On Track,Multi-agent orchestration operational,"âœ… 3 specialized agents (scheduling + clinical + billing), parallel execution, <3s total latency, conflict resolution via supervisor agent"
12,Operationalization,"Layer 7 (Self-Service + Final Prep)","All 6 INPACTâ„¢ needs at target","All 5 GOALS: 85-95%",UAT findings require rework,ðŸŸ¢ On Track,UAT 94% success rate & production readiness,"âœ… UAT with 50 nurses, 94% task completion, 4.3/5 satisfaction, 87% NLU accuracy, HITL override <8%, ready for production"
